userId,itemId,rating,timestamp
967,0,1,0
967,1,0,0
967,2,0,0
967,3,0,0
365,1,0,0
365,0,0,0
365,2,0,0
365,3,0,0
559,2,0,0
559,0,0,0
559,1,0,0
559,3,0,0
33,2,0,0
33,1,0,0
33,0,0,0
33,3,0,0
31,0,1,0
31,2,0,0
31,1,0,0
31,3,0,0
870,2,1,0
870,1,0,0
870,3,0,0
870,0,0,0
192,2,0,0
192,1,0,0
192,3,0,0
192,0,0,0
312,0,0,0
312,3,0,0
312,1,0,0
312,2,0,0
483,1,0,0
483,3,0,0
483,0,0,0
483,2,0,0
551,1,0,0
551,0,0,0
551,3,0,0
551,2,0,0
557,3,1,0
557,2,0,0
557,0,0,0
557,1,0,0
635,2,0,0
635,3,0,0
635,0,0,0
635,1,0,0
109,3,1,0
109,2,0,0
109,1,0,0
109,0,0,0
408,3,0,0
408,2,0,0
408,0,0,0
408,1,0,0
77,2,0,0
77,3,0,0
77,1,0,0
77,0,0,0
928,2,0,0
928,1,0,0
928,0,0,0
928,3,0,0
541,0,1,0
541,3,0,0
541,2,0,0
541,1,0,0
82,0,0,0
82,3,0,0
82,1,0,0
82,2,0,0
361,3,0,0
361,2,0,0
361,0,0,0
361,1,0,0
793,2,0,0
793,3,0,0
793,1,0,0
793,0,0,0
506,1,0,0
506,3,0,0
506,0,0,0
506,2,0,0
789,0,0,0
789,3,0,0
789,1,0,0
789,2,0,0
499,1,0,0
499,2,0,0
499,0,0,0
499,3,0,0
398,0,1,0
398,3,0,0
398,1,0,0
398,2,0,0
2,2,1,0
2,3,0,0
2,1,0,0
2,0,0,0
101,0,1,0
101,1,0,0
101,3,0,0
101,2,0,0
363,0,0,0
363,1,0,0
363,3,0,0
363,2,0,0
450,2,0,0
450,0,0,0
450,1,0,0
450,3,0,0
286,3,1,0
286,2,0,0
286,1,0,0
286,0,0,0
208,0,1,0
208,1,0,0
208,2,0,0
208,3,0,0
265,3,0,0
265,2,0,0
265,0,0,0
265,1,0,0
5,1,1,0
5,2,0,0
5,0,0,0
5,3,0,0
54,1,0,0
54,0,0,0
54,2,0,0
54,3,0,0
670,3,0,0
670,2,0,0
670,1,0,0
670,0,0,0
847,0,1,0
847,1,0,0
847,2,0,0
847,3,0,0
762,2,0,0
762,1,0,0
762,3,0,0
762,0,0,0
971,1,0,0
971,0,0,0
971,3,0,0
971,2,0,0
97,2,0,0
97,1,0,0
97,0,0,0
97,3,0,0
588,2,0,0
588,1,0,0
588,0,0,0
588,3,0,0
204,2,1,0
204,1,0,0
204,3,0,0
204,0,0,0
244,1,0,0
244,0,0,0
244,3,0,0
244,2,0,0
774,0,1,0
774,1,0,0
774,2,0,0
774,3,0,0
933,1,0,0
933,0,0,0
933,3,0,0
933,2,0,0
518,1,1,0
518,3,0,0
518,0,0,0
518,2,0,0
334,3,0,0
334,2,0,0
334,1,0,0
334,0,0,0
844,3,1,0
844,1,0,0
844,2,0,0
844,0,0,0
25,0,0,0
25,1,0,0
25,2,0,0
25,3,0,0
84,0,0,0
84,2,0,0
84,1,0,0
84,3,0,0
10,1,0,0
10,3,0,0
10,0,0,0
10,2,0,0
519,0,0,0
519,3,0,0
519,2,0,0
519,1,0,0
650,2,0,0
650,3,0,0
650,1,0,0
650,0,0,0
448,2,0,0
448,3,0,0
448,1,0,0
448,0,0,0
357,0,0,0
357,2,0,0
357,3,0,0
357,1,0,0
629,2,1,0
629,0,0,0
629,1,0,0
629,3,0,0
528,2,1,0
528,1,0,0
528,0,0,0
528,3,0,0
467,2,0,0
467,1,0,0
467,0,0,0
467,3,0,0
247,1,0,0
247,2,0,0
247,3,0,0
247,0,0,0
118,0,0,0
118,1,0,0
118,3,0,0
118,2,0,0
342,3,0,0
342,2,0,0
342,1,0,0
342,0,0,0
787,2,0,0
787,3,0,0
787,0,0,0
787,1,0,0
250,0,0,0
250,3,0,0
250,2,0,0
250,1,0,0
318,2,0,0
318,1,0,0
318,0,0,0
318,3,0,0
497,1,1,0
497,3,0,0
497,0,0,0
497,2,0,0
196,3,1,0
196,1,0,0
196,0,0,0
196,2,0,0
587,1,1,0
587,0,0,0
587,2,0,0
587,3,0,0
81,0,1,0
81,3,0,0
81,1,0,0
81,2,0,0
352,0,1,0
352,2,0,0
352,3,0,0
352,1,0,0
445,3,1,0
445,2,0,0
445,1,0,0
445,0,0,0
602,1,0,0
602,0,0,0
602,2,0,0
602,3,0,0
239,1,1,0
239,0,0,0
239,3,0,0
239,2,0,0
689,1,0,0
689,3,0,0
689,2,0,0
689,0,0,0
211,2,0,0
211,1,0,0
211,0,0,0
211,3,0,0
822,2,0,0
822,3,0,0
822,1,0,0
822,0,0,0
549,3,1,0
549,2,0,0
549,1,0,0
549,0,0,0
898,2,0,0
898,1,0,0
898,3,0,0
898,0,0,0
227,2,1,0
227,1,0,0
227,0,0,0
227,3,0,0
832,3,1,0
832,2,0,0
832,0,0,0
832,1,0,0
751,0,0,0
751,2,0,0
751,3,0,0
751,1,0,0
896,0,1,0
896,2,0,0
896,1,0,0
896,3,0,0
892,2,1,0
892,0,0,0
892,3,0,0
892,1,0,0
380,1,1,0
380,2,0,0
380,0,0,0
380,3,0,0
903,3,1,0
903,0,0,0
903,2,0,0
903,1,0,0
710,0,1,0
710,3,0,0
710,2,0,0
710,1,0,0
296,2,0,0
296,1,0,0
296,3,0,0
296,0,0,0
344,3,0,0
344,1,0,0
344,2,0,0
344,0,0,0
7,2,0,0
7,3,0,0
7,0,0,0
7,1,0,0
155,0,1,0
155,1,0,0
155,2,0,0
155,3,0,0
525,2,0,0
525,0,0,0
525,1,0,0
525,3,0,0
753,2,1,0
753,0,0,0
753,3,0,0
753,1,0,0
451,0,0,0
451,2,0,0
451,1,0,0
451,3,0,0
836,2,0,0
836,3,0,0
836,1,0,0
836,0,0,0
757,1,0,0
757,3,0,0
757,0,0,0
757,2,0,0
684,0,1,0
684,3,0,0
684,2,0,0
684,1,0,0
432,3,0,0
432,1,0,0
432,2,0,0
432,0,0,0
935,1,0,0
935,3,0,0
935,2,0,0
935,0,0,0
908,1,0,0
908,0,0,0
908,3,0,0
908,2,0,0
388,0,0,0
388,1,0,0
388,3,0,0
388,2,0,0
514,1,1,0
514,2,0,0
514,0,0,0
514,3,0,0
583,1,0,0
583,3,0,0
583,0,0,0
583,2,0,0
926,0,0,0
926,3,0,0
926,2,0,0
926,1,0,0
850,3,1,0
850,2,0,0
850,1,0,0
850,0,0,0
423,0,0,0
423,1,0,0
423,2,0,0
423,3,0,0
228,1,1,0
228,3,0,0
228,0,0,0
228,2,0,0
456,3,0,0
456,0,0,0
456,1,0,0
456,2,0,0
713,2,1,0
713,1,0,0
713,0,0,0
713,3,0,0
212,2,1,0
212,3,0,0
212,1,0,0
212,0,0,0
79,1,1,0
79,3,0,0
79,2,0,0
79,0,0,0
148,3,0,0
148,0,0,0
148,1,0,0
148,2,0,0
302,2,1,0
302,3,0,0
302,0,0,0
302,1,0,0
306,2,1,0
306,0,0,0
306,3,0,0
306,1,0,0
477,1,0,0
477,0,0,0
477,2,0,0
477,3,0,0
866,1,1,0
866,2,0,0
866,0,0,0
866,3,0,0
899,2,0,0
899,0,0,0
899,3,0,0
899,1,0,0
909,3,1,0
909,1,0,0
909,0,0,0
909,2,0,0
133,1,0,0
133,2,0,0
133,0,0,0
133,3,0,0
534,1,1,0
534,2,0,0
534,3,0,0
534,0,0,0
590,0,1,0
590,2,0,0
590,3,0,0
590,1,0,0
411,0,0,0
411,1,0,0
411,3,0,0
411,2,0,0
0,0,1,0
0,3,0,0
0,2,0,0
0,1,0,0
687,0,0,0
687,1,0,0
687,3,0,0
687,2,0,0
531,3,0,0
531,1,0,0
531,2,0,0
531,0,0,0
321,3,1,0
321,0,0,0
321,2,0,0
321,1,0,0
516,3,1,0
516,1,0,0
516,2,0,0
516,0,0,0
523,1,1,0
523,3,0,0
523,2,0,0
523,0,0,0
596,1,0,0
596,0,0,0
596,3,0,0
596,2,0,0
172,2,1,0
172,1,0,0
172,3,0,0
172,0,0,0
125,0,0,0
125,3,0,0
125,2,0,0
125,1,0,0
370,1,0,0
370,0,0,0
370,2,0,0
370,3,0,0
634,1,1,0
634,2,0,0
634,0,0,0
634,3,0,0
877,0,1,0
877,3,0,0
877,1,0,0
877,2,0,0
90,1,1,0
90,3,0,0
90,2,0,0
90,0,0,0
913,2,0,0
913,3,0,0
913,1,0,0
913,0,0,0
181,1,1,0
181,0,0,0
181,3,0,0
181,2,0,0
274,3,1,0
274,0,0,0
274,2,0,0
274,1,0,0
869,3,0,0
869,0,0,0
869,1,0,0
869,2,0,0
69,1,1,0
69,0,0,0
69,3,0,0
69,2,0,0
291,2,1,0
291,1,0,0
291,3,0,0
291,0,0,0
131,3,0,0
131,0,0,0
131,1,0,0
131,2,0,0
300,3,0,0
300,1,0,0
300,0,0,0
300,2,0,0
394,2,0,0
394,1,0,0
394,0,0,0
394,3,0,0
326,1,0,0
326,2,0,0
326,3,0,0
326,0,0,0
144,2,0,0
144,0,0,0
144,1,0,0
144,3,0,0
904,0,0,0
904,1,0,0
904,3,0,0
904,2,0,0
135,0,0,0
135,3,0,0
135,2,0,0
135,1,0,0
381,2,0,0
381,1,0,0
381,3,0,0
381,0,0,0
164,2,1,0
164,0,0,0
164,3,0,0
164,1,0,0
28,1,1,0
28,0,0,0
28,3,0,0
28,2,0,0
611,2,1,0
611,3,0,0
611,0,0,0
611,1,0,0
193,2,0,0
193,1,0,0
193,0,0,0
193,3,0,0
673,2,1,0
673,1,0,0
673,3,0,0
673,0,0,0
620,0,1,0
620,1,0,0
620,2,0,0
620,3,0,0
169,0,0,0
169,1,0,0
169,2,0,0
169,3,0,0
457,2,1,0
457,0,0,0
457,3,0,0
457,1,0,0
140,1,0,0
140,0,0,0
140,3,0,0
140,2,0,0
173,1,0,0
173,0,0,0
173,3,0,0
173,2,0,0
6,2,0,0
6,0,0,0
6,3,0,0
6,1,0,0
652,0,1,0
652,1,0,0
652,3,0,0
652,2,0,0
447,2,0,0
447,1,0,0
447,3,0,0
447,0,0,0
73,2,0,0
73,0,0,0
73,3,0,0
73,1,0,0
664,2,0,0
664,0,0,0
664,3,0,0
664,1,0,0
890,0,0,0
890,3,0,0
890,1,0,0
890,2,0,0
238,1,0,0
238,3,0,0
238,0,0,0
238,2,0,0
145,1,1,0
145,2,0,0
145,3,0,0
145,0,0,0
885,0,1,0
885,2,0,0
885,1,0,0
885,3,0,0
234,2,1,0
234,1,0,0
234,3,0,0
234,0,0,0
220,3,0,0
220,2,0,0
220,1,0,0
220,0,0,0
465,1,1,0
465,3,0,0
465,0,0,0
465,2,0,0
628,1,0,0
628,0,0,0
628,2,0,0
628,3,0,0
132,0,1,0
132,3,0,0
132,1,0,0
132,2,0,0
963,2,0,0
963,0,0,0
963,1,0,0
963,3,0,0
672,0,1,0
672,1,0,0
672,2,0,0
672,3,0,0
185,2,1,0
185,0,0,0
185,1,0,0
185,3,0,0
41,2,0,0
41,3,0,0
41,0,0,0
41,1,0,0
593,0,0,0
593,1,0,0
593,3,0,0
593,2,0,0
108,3,0,0
108,2,0,0
108,1,0,0
108,0,0,0
567,1,0,0
567,2,0,0
567,3,0,0
567,0,0,0
56,0,0,0
56,3,0,0
56,1,0,0
56,2,0,0
468,3,0,0
468,1,0,0
468,0,0,0
468,2,0,0
429,1,1,0
429,0,0,0
429,2,0,0
429,3,0,0
547,2,0,0
547,3,0,0
547,1,0,0
547,0,0,0
24,1,1,0
24,2,0,0
24,0,0,0
24,3,0,0
959,3,1,0
959,0,0,0
959,1,0,0
959,2,0,0
730,3,0,0
730,0,0,0
730,1,0,0
730,2,0,0
601,3,1,0
601,1,0,0
601,0,0,0
601,2,0,0
675,3,0,0
675,0,0,0
675,1,0,0
675,2,0,0
900,0,0,0
900,3,0,0
900,1,0,0
900,2,0,0
338,2,0,0
338,1,0,0
338,0,0,0
338,3,0,0
51,2,1,0
51,0,0,0
51,3,0,0
51,1,0,0
948,2,1,0
948,0,0,0
948,1,0,0
948,3,0,0
894,3,0,0
894,0,0,0
894,2,0,0
894,1,0,0
615,2,1,0
615,3,0,0
615,0,0,0
615,1,0,0
264,3,0,0
264,2,0,0
264,1,0,0
264,0,0,0
521,2,0,0
521,1,0,0
521,0,0,0
521,3,0,0
746,2,1,0
746,0,0,0
746,3,0,0
746,1,0,0
494,2,0,0
494,0,0,0
494,1,0,0
494,3,0,0
621,0,1,0
621,3,0,0
621,2,0,0
621,1,0,0
18,3,0,0
18,2,0,0
18,0,0,0
18,1,0,0
696,1,0,0
696,2,0,0
696,3,0,0
696,0,0,0
552,1,0,0
552,2,0,0
552,0,0,0
552,3,0,0
952,3,1,0
952,1,0,0
952,0,0,0
952,2,0,0
367,3,1,0
367,2,0,0
367,1,0,0
367,0,0,0
83,3,0,0
83,0,0,0
83,2,0,0
83,1,0,0
61,0,1,0
61,1,0,0
61,2,0,0
61,3,0,0
420,2,1,0
420,1,0,0
420,3,0,0
420,0,0,0
272,0,0,0
272,1,0,0
272,3,0,0
272,2,0,0
285,2,1,0
285,0,0,0
285,1,0,0
285,3,0,0
360,3,0,0
360,1,0,0
360,0,0,0
360,2,0,0
354,3,0,0
354,0,0,0
354,2,0,0
354,1,0,0
694,2,1,0
694,0,0,0
694,1,0,0
694,3,0,0
278,2,1,0
278,0,0,0
278,3,0,0
278,1,0,0
12,2,0,0
12,3,0,0
12,0,0,0
12,1,0,0
182,2,1,0
182,1,0,0
182,3,0,0
182,0,0,0
368,2,0,0
368,0,0,0
368,1,0,0
368,3,0,0
814,2,0,0
814,1,0,0
814,0,0,0
814,3,0,0
598,3,1,0
598,0,0,0
598,2,0,0
598,1,0,0
223,1,1,0
223,0,0,0
223,2,0,0
223,3,0,0
778,3,1,0
778,0,0,0
778,2,0,0
778,1,0,0
680,0,0,0
680,2,0,0
680,1,0,0
680,3,0,0
644,0,0,0
644,2,0,0
644,3,0,0
644,1,0,0
486,0,1,0
486,2,0,0
486,3,0,0
486,1,0,0
923,1,0,0
923,0,0,0
923,2,0,0
923,3,0,0
841,3,1,0
841,2,0,0
841,0,0,0
841,1,0,0
176,1,1,0
176,0,0,0
176,2,0,0
176,3,0,0
846,2,0,0
846,3,0,0
846,1,0,0
846,0,0,0
677,3,0,0
677,2,0,0
677,0,0,0
677,1,0,0
582,1,1,0
582,3,0,0
582,2,0,0
582,0,0,0
500,3,0,0
500,0,0,0
500,1,0,0
500,2,0,0
490,3,1,0
490,0,0,0
490,1,0,0
490,2,0,0
163,2,1,0
163,1,0,0
163,0,0,0
163,3,0,0
248,1,0,0
248,2,0,0
248,3,0,0
248,0,0,0
617,1,1,0
617,2,0,0
617,0,0,0
617,3,0,0
970,2,1,0
970,3,0,0
970,1,0,0
970,0,0,0
668,2,1,0
668,1,0,0
668,0,0,0
668,3,0,0
375,0,1,0
375,2,0,0
375,3,0,0
375,1,0,0
412,3,1,0
412,0,0,0
412,2,0,0
412,1,0,0
74,2,1,0
74,3,0,0
74,0,0,0
74,1,0,0
113,1,1,0
113,3,0,0
113,0,0,0
113,2,0,0
802,0,0,0
802,1,0,0
802,3,0,0
802,2,0,0
544,1,1,0
544,2,0,0
544,3,0,0
544,0,0,0
390,1,1,0
390,0,0,0
390,3,0,0
390,2,0,0
104,3,0,0
104,0,0,0
104,1,0,0
104,2,0,0
114,3,1,0
114,1,0,0
114,0,0,0
114,2,0,0
417,3,1,0
417,2,0,0
417,0,0,0
417,1,0,0
442,0,1,0
442,1,0,0
442,3,0,0
442,2,0,0
409,0,0,0
409,2,0,0
409,1,0,0
409,3,0,0
92,2,0,0
92,0,0,0
92,1,0,0
92,3,0,0
548,2,1,0
548,3,0,0
548,1,0,0
548,0,0,0
89,1,0,0
89,0,0,0
89,2,0,0
89,3,0,0
336,2,1,0
336,1,0,0
336,3,0,0
336,0,0,0
961,0,1,0
961,2,0,0
961,1,0,0
961,3,0,0
895,2,0,0
895,3,0,0
895,1,0,0
895,0,0,0
907,1,0,0
907,0,0,0
907,2,0,0
907,3,0,0
589,2,1,0
589,0,0,0
589,3,0,0
589,1,0,0
780,3,0,0
780,1,0,0
780,0,0,0
780,2,0,0
594,0,0,0
594,3,0,0
594,2,0,0
594,1,0,0
94,3,0,0
94,0,0,0
94,2,0,0
94,1,0,0
11,1,0,0
11,2,0,0
11,3,0,0
11,0,0,0
396,3,1,0
396,0,0,0
396,2,0,0
396,1,0,0
910,3,1,0
910,2,0,0
910,1,0,0
910,0,0,0
43,2,0,0
43,1,0,0
43,0,0,0
43,3,0,0
42,0,1,0
42,2,0,0
42,1,0,0
42,3,0,0
329,1,0,0
329,3,0,0
329,2,0,0
329,0,0,0
167,3,0,0
167,0,0,0
167,1,0,0
167,2,0,0
962,1,1,0
962,3,0,0
962,2,0,0
962,0,0,0
851,0,0,0
851,3,0,0
851,1,0,0
851,2,0,0
581,3,1,0
581,0,0,0
581,2,0,0
581,1,0,0
735,0,1,0
735,3,0,0
735,2,0,0
735,1,0,0
100,0,0,0
100,1,0,0
100,2,0,0
100,3,0,0
426,0,1,0
426,2,0,0
426,1,0,0
426,3,0,0
178,2,0,0
178,0,0,0
178,1,0,0
178,3,0,0
444,1,0,0
444,0,0,0
444,2,0,0
444,3,0,0
416,1,1,0
416,2,0,0
416,0,0,0
416,3,0,0
630,0,1,0
630,2,0,0
630,3,0,0
630,1,0,0
857,1,1,0
857,0,0,0
857,2,0,0
857,3,0,0
682,3,0,0
682,1,0,0
682,0,0,0
682,2,0,0
177,0,0,0
177,2,0,0
177,1,0,0
177,3,0,0
395,3,1,0
395,0,0,0
395,2,0,0
395,1,0,0
657,2,1,0
657,0,0,0
657,3,0,0
657,1,0,0
835,0,1,0
835,2,0,0
835,3,0,0
835,1,0,0
934,3,1,0
934,2,0,0
934,0,0,0
934,1,0,0
665,1,0,0
665,2,0,0
665,3,0,0
665,0,0,0
383,3,0,0
383,2,0,0
383,1,0,0
383,0,0,0
930,3,1,0
930,0,0,0
930,2,0,0
930,1,0,0
257,1,1,0
257,2,0,0
257,0,0,0
257,3,0,0
522,2,0,0
522,1,0,0
522,0,0,0
522,3,0,0
335,3,0,0
335,2,0,0
335,1,0,0
335,0,0,0
597,3,0,0
597,0,0,0
597,1,0,0
597,2,0,0
15,3,0,0
15,1,0,0
15,2,0,0
15,0,0,0
3,3,0,0
3,1,0,0
3,2,0,0
3,0,0,0
495,1,0,0
495,3,0,0
495,0,0,0
495,2,0,0
256,2,1,0
256,0,0,0
256,3,0,0
256,1,0,0
529,0,1,0
529,3,0,0
529,1,0,0
529,2,0,0
737,0,0,0
737,3,0,0
737,1,0,0
737,2,0,0
688,1,1,0
688,0,0,0
688,3,0,0
688,2,0,0
842,2,1,0
842,0,0,0
842,3,0,0
842,1,0,0
393,2,0,0
393,1,0,0
393,0,0,0
393,3,0,0
222,1,0,0
222,0,0,0
222,3,0,0
222,2,0,0
179,0,0,0
179,2,0,0
179,3,0,0
179,1,0,0
289,3,1,0
289,0,0,0
289,2,0,0
289,1,0,0
920,2,1,0
920,1,0,0
920,3,0,0
920,0,0,0
324,0,0,0
324,3,0,0
324,2,0,0
324,1,0,0
799,0,0,0
799,3,0,0
799,2,0,0
799,1,0,0
9,2,0,0
9,1,0,0
9,3,0,0
9,0,0,0
249,2,0,0
249,3,0,0
249,1,0,0
249,0,0,0
22,0,0,0
22,2,0,0
22,1,0,0
22,3,0,0
356,1,1,0
356,3,0,0
356,2,0,0
356,0,0,0
221,3,1,0
221,2,0,0
221,1,0,0
221,0,0,0
752,1,0,0
752,0,0,0
752,2,0,0
752,3,0,0
837,3,0,0
837,1,0,0
837,0,0,0
837,2,0,0
956,1,0,0
956,0,0,0
956,3,0,0
956,2,0,0
572,1,1,0
572,2,0,0
572,3,0,0
572,0,0,0
340,0,1,0
340,3,0,0
340,2,0,0
340,1,0,0
431,2,0,0
431,0,0,0
431,3,0,0
431,1,0,0
535,2,0,0
535,0,0,0
535,3,0,0
535,1,0,0
810,0,1,0
810,3,0,0
810,1,0,0
810,2,0,0
622,1,1,0
622,0,0,0
622,2,0,0
622,3,0,0
203,0,1,0
203,3,0,0
203,1,0,0
203,2,0,0
613,3,1,0
613,0,0,0
613,2,0,0
613,1,0,0
93,1,0,0
93,3,0,0
93,0,0,0
93,2,0,0
542,1,1,0
542,0,0,0
542,2,0,0
542,3,0,0
68,0,1,0
68,1,0,0
68,2,0,0
68,3,0,0
605,3,1,0
605,0,0,0
605,2,0,0
605,1,0,0
284,2,0,0
284,3,0,0
284,1,0,0
284,0,0,0
781,1,1,0
781,0,0,0
781,2,0,0
781,3,0,0
434,1,1,0
434,2,0,0
434,3,0,0
434,0,0,0
153,0,0,0
153,2,0,0
153,1,0,0
153,3,0,0
75,3,0,0
75,0,0,0
75,2,0,0
75,1,0,0
711,0,1,0
711,3,0,0
711,2,0,0
711,1,0,0
446,0,1,0
446,3,0,0
446,1,0,0
446,2,0,0
188,1,0,0
188,3,0,0
188,0,0,0
188,2,0,0
271,1,0,0
271,0,0,0
271,2,0,0
271,3,0,0
236,3,0,0
236,1,0,0
236,2,0,0
236,0,0,0
487,1,0,0
487,0,0,0
487,2,0,0
487,3,0,0
117,1,1,0
117,0,0,0
117,3,0,0
117,2,0,0
795,0,0,0
795,3,0,0
795,1,0,0
795,2,0,0
512,3,1,0
512,2,0,0
512,0,0,0
512,1,0,0
570,1,0,0
570,2,0,0
570,3,0,0
570,0,0,0
575,2,1,0
575,0,0,0
575,1,0,0
575,3,0,0
126,2,0,0
126,0,0,0
126,3,0,0
126,1,0,0
116,2,0,0
116,1,0,0
116,0,0,0
116,3,0,0
473,2,0,0
473,3,0,0
473,1,0,0
473,0,0,0
839,1,1,0
839,3,0,0
839,0,0,0
839,2,0,0
57,2,0,0
57,0,0,0
57,3,0,0
57,1,0,0
655,2,0,0
655,1,0,0
655,3,0,0
655,0,0,0
886,3,1,0
886,0,0,0
886,2,0,0
886,1,0,0
369,1,1,0
369,2,0,0
369,0,0,0
369,3,0,0
268,2,1,0
268,3,0,0
268,1,0,0
268,0,0,0
46,0,0,0
46,3,0,0
46,1,0,0
46,2,0,0
349,0,0,0
349,2,0,0
349,3,0,0
349,1,0,0
195,1,0,0
195,2,0,0
195,3,0,0
195,0,0,0
972,3,0,0
972,0,0,0
972,2,0,0
972,1,0,0
811,3,1,0
811,0,0,0
811,2,0,0
811,1,0,0
716,1,1,0
716,2,0,0
716,0,0,0
716,3,0,0
263,2,0,0
263,3,0,0
263,0,0,0
263,1,0,0
443,3,1,0
443,2,0,0
443,0,0,0
443,1,0,0
656,3,0,0
656,1,0,0
656,0,0,0
656,2,0,0
304,0,0,0
304,2,0,0
304,3,0,0
304,1,0,0
341,3,1,0
341,2,0,0
341,0,0,0
341,1,0,0
940,3,0,0
940,0,0,0
940,2,0,0
940,1,0,0
149,2,0,0
149,0,0,0
149,1,0,0
149,3,0,0
124,3,1,0
124,1,0,0
124,0,0,0
124,2,0,0
765,1,0,0
765,2,0,0
765,3,0,0
765,0,0,0
50,0,0,0
50,2,0,0
50,3,0,0
50,1,0,0
353,2,0,0
353,3,0,0
353,0,0,0
353,1,0,0
901,1,0,0
901,3,0,0
901,2,0,0
901,0,0,0
142,1,0,0
142,3,0,0
142,2,0,0
142,0,0,0
470,1,0,0
470,0,0,0
470,3,0,0
470,2,0,0
399,0,1,0
399,2,0,0
399,1,0,0
399,3,0,0
616,3,1,0
616,0,0,0
616,1,0,0
616,2,0,0
320,1,0,0
320,2,0,0
320,3,0,0
320,0,0,0
19,1,0,0
19,3,0,0
19,0,0,0
19,2,0,0
786,0,0,0
786,2,0,0
786,3,0,0
786,1,0,0
950,0,1,0
950,1,0,0
950,2,0,0
950,3,0,0
785,1,0,0
785,0,0,0
785,3,0,0
785,2,0,0
407,3,0,0
407,0,0,0
407,2,0,0
407,1,0,0
537,3,0,0
537,2,0,0
537,1,0,0
537,0,0,0
603,1,0,0
603,0,0,0
603,2,0,0
603,3,0,0
38,3,1,0
38,1,0,0
38,0,0,0
38,2,0,0
175,3,0,0
175,0,0,0
175,1,0,0
175,2,0,0
245,2,0,0
245,1,0,0
245,0,0,0
245,3,0,0
946,2,0,0
946,1,0,0
946,3,0,0
946,0,0,0
649,2,1,0
649,0,0,0
649,3,0,0
649,1,0,0
806,2,0,0
806,1,0,0
806,3,0,0
806,0,0,0
834,2,1,0
834,3,0,0
834,1,0,0
834,0,0,0
154,3,0,0
154,0,0,0
154,2,0,0
154,1,0,0
287,1,0,0
287,0,0,0
287,3,0,0
287,2,0,0
653,0,0,0
653,1,0,0
653,2,0,0
653,3,0,0
569,2,0,0
569,0,0,0
569,1,0,0
569,3,0,0
722,1,1,0
722,0,0,0
722,3,0,0
722,2,0,0
17,2,0,0
17,3,0,0
17,1,0,0
17,0,0,0
127,0,1,0
127,2,0,0
127,1,0,0
127,3,0,0
322,3,0,0
322,1,0,0
322,2,0,0
322,0,0,0
255,2,0,0
255,0,0,0
255,3,0,0
255,1,0,0
685,0,0,0
685,1,0,0
685,2,0,0
685,3,0,0
938,2,0,0
938,1,0,0
938,3,0,0
938,0,0,0
190,0,1,0
190,2,0,0
190,3,0,0
190,1,0,0
115,0,0,0
115,3,0,0
115,2,0,0
115,1,0,0
599,3,1,0
599,0,0,0
599,1,0,0
599,2,0,0
180,1,0,0
180,2,0,0
180,0,0,0
180,3,0,0
301,1,1,0
301,3,0,0
301,0,0,0
301,2,0,0
816,0,1,0
816,3,0,0
816,2,0,0
816,1,0,0
693,3,0,0
693,0,0,0
693,1,0,0
693,2,0,0
704,1,0,0
704,0,0,0
704,2,0,0
704,3,0,0
666,0,0,0
666,2,0,0
666,1,0,0
666,3,0,0
643,3,0,0
643,1,0,0
643,2,0,0
643,0,0,0
517,2,1,0
517,1,0,0
517,0,0,0
517,3,0,0
957,2,1,0
957,0,0,0
957,1,0,0
957,3,0,0
45,3,0,0
45,0,0,0
45,2,0,0
45,1,0,0
883,0,0,0
883,1,0,0
883,2,0,0
883,3,0,0
157,2,0,0
157,0,0,0
157,3,0,0
157,1,0,0
723,2,0,0
723,1,0,0
723,3,0,0
723,0,0,0
171,3,1,0
171,2,0,0
171,1,0,0
171,0,0,0
16,1,0,0
16,0,0,0
16,2,0,0
16,3,0,0
511,3,1,0
511,1,0,0
511,0,0,0
511,2,0,0
48,3,0,0
48,0,0,0
48,2,0,0
48,1,0,0
944,1,0,0
944,2,0,0
944,0,0,0
944,3,0,0
817,3,0,0
817,1,0,0
817,0,0,0
817,2,0,0
515,3,0,0
515,0,0,0
515,2,0,0
515,1,0,0
667,3,0,0
667,0,0,0
667,1,0,0
667,2,0,0
480,0,0,0
480,1,0,0
480,3,0,0
480,2,0,0
283,2,0,0
283,0,0,0
283,1,0,0
283,3,0,0
929,3,0,0
929,2,0,0
929,1,0,0
929,0,0,0
636,3,0,0
636,2,0,0
636,1,0,0
636,0,0,0
225,2,1,0
225,0,0,0
225,3,0,0
225,1,0,0
26,1,0,0
26,0,0,0
26,2,0,0
26,3,0,0
761,3,0,0
761,0,0,0
761,2,0,0
761,1,0,0
437,2,0,0
437,3,0,0
437,0,0,0
437,1,0,0
925,3,0,0
925,0,0,0
925,2,0,0
925,1,0,0
364,2,1,0
364,0,0,0
364,3,0,0
364,1,0,0
229,3,1,0
229,2,0,0
229,1,0,0
229,0,0,0
37,3,0,0
37,0,0,0
37,1,0,0
37,2,0,0
939,3,0,0
939,1,0,0
939,0,0,0
939,2,0,0
374,0,0,0
374,2,0,0
374,3,0,0
374,1,0,0
469,1,1,0
469,2,0,0
469,0,0,0
469,3,0,0
941,0,0,0
941,3,0,0
941,2,0,0
941,1,0,0
827,3,1,0
827,2,0,0
827,0,0,0
827,1,0,0
706,1,1,0
706,0,0,0
706,2,0,0
706,3,0,0
194,0,0,0
194,2,0,0
194,1,0,0
194,3,0,0
830,0,1,0
830,2,0,0
830,3,0,0
830,1,0,0
914,1,0,0
914,0,0,0
914,2,0,0
914,3,0,0
503,1,0,0
503,2,0,0
503,0,0,0
503,3,0,0
943,2,1,0
943,0,0,0
943,1,0,0
943,3,0,0
807,2,0,0
807,1,0,0
807,0,0,0
807,3,0,0
579,1,0,0
579,3,0,0
579,2,0,0
579,0,0,0
942,1,1,0
942,2,0,0
942,3,0,0
942,0,0,0
162,2,0,0
162,0,0,0
162,3,0,0
162,1,0,0
715,0,0,0
715,1,0,0
715,2,0,0
715,3,0,0
152,0,1,0
152,2,0,0
152,3,0,0
152,1,0,0
662,1,0,0
662,0,0,0
662,2,0,0
662,3,0,0
828,2,1,0
828,0,0,0
828,1,0,0
828,3,0,0
734,1,0,0
734,0,0,0
734,2,0,0
734,3,0,0
111,3,1,0
111,1,0,0
111,0,0,0
111,2,0,0
226,0,0,0
226,2,0,0
226,1,0,0
226,3,0,0
669,2,1,0
669,3,0,0
669,0,0,0
669,1,0,0
103,3,0,0
103,2,0,0
103,0,0,0
103,1,0,0
421,3,1,0
421,2,0,0
421,1,0,0
421,0,0,0
419,3,1,0
419,0,0,0
419,2,0,0
419,1,0,0
880,3,1,0
880,0,0,0
880,1,0,0
880,2,0,0
586,1,0,0
586,3,0,0
586,0,0,0
586,2,0,0
759,1,1,0
759,3,0,0
759,2,0,0
759,0,0,0
119,2,1,0
119,3,0,0
119,0,0,0
119,1,0,0
53,3,0,0
53,1,0,0
53,0,0,0
53,2,0,0
151,2,0,0
151,1,0,0
151,3,0,0
151,0,0,0
403,3,0,0
403,0,0,0
403,2,0,0
403,1,0,0
919,2,0,0
919,1,0,0
919,3,0,0
919,0,0,0
207,1,1,0
207,2,0,0
207,0,0,0
207,3,0,0
658,3,0,0
658,2,0,0
658,1,0,0
658,0,0,0
820,0,1,0
820,1,0,0
820,2,0,0
820,3,0,0
741,2,0,0
741,1,0,0
741,3,0,0
741,0,0,0
8,3,1,0
8,0,0,0
8,1,0,0
8,2,0,0
784,0,1,0
784,2,0,0
784,1,0,0
784,3,0,0
36,2,1,0
36,0,0,0
36,3,0,0
36,1,0,0
452,1,0,0
452,2,0,0
452,0,0,0
452,3,0,0
651,3,0,0
651,1,0,0
651,2,0,0
651,0,0,0
253,1,0,0
253,2,0,0
253,3,0,0
253,0,0,0
303,1,1,0
303,2,0,0
303,0,0,0
303,3,0,0
917,2,1,0
917,0,0,0
917,1,0,0
917,3,0,0
571,2,0,0
571,0,0,0
571,3,0,0
571,1,0,0
623,1,0,0
623,3,0,0
623,2,0,0
623,0,0,0
800,2,0,0
800,3,0,0
800,0,0,0
800,1,0,0
966,1,1,0
966,3,0,0
966,2,0,0
966,0,0,0
262,3,0,0
262,2,0,0
262,0,0,0
262,1,0,0
610,1,1,0
610,2,0,0
610,3,0,0
610,0,0,0
297,1,0,0
297,0,0,0
297,3,0,0
297,2,0,0
414,3,0,0
414,2,0,0
414,1,0,0
414,0,0,0
150,0,0,0
150,1,0,0
150,2,0,0
150,3,0,0
767,3,0,0
767,0,0,0
767,1,0,0
767,2,0,0
640,0,0,0
640,3,0,0
640,1,0,0
640,2,0,0
863,0,1,0
863,1,0,0
863,2,0,0
863,3,0,0
550,0,0,0
550,2,0,0
550,3,0,0
550,1,0,0
770,3,0,0
770,2,0,0
770,0,0,0
770,1,0,0
488,0,1,0
488,1,0,0
488,3,0,0
488,2,0,0
147,3,0,0
147,2,0,0
147,0,0,0
147,1,0,0
146,3,0,0
146,1,0,0
146,0,0,0
146,2,0,0
868,2,0,0
868,1,0,0
868,0,0,0
868,3,0,0
905,0,0,0
905,3,0,0
905,2,0,0
905,1,0,0
865,0,0,0
865,1,0,0
865,2,0,0
865,3,0,0
659,2,0,0
659,0,0,0
659,3,0,0
659,1,0,0
348,0,1,0
348,3,0,0
348,1,0,0
348,2,0,0
463,2,0,0
463,0,0,0
463,1,0,0
463,3,0,0
325,0,0,0
325,1,0,0
325,3,0,0
325,2,0,0
186,3,1,0
186,2,0,0
186,1,0,0
186,0,0,0
123,2,1,0
123,0,0,0
123,3,0,0
123,1,0,0
829,3,0,0
829,0,0,0
829,1,0,0
829,2,0,0
608,1,1,0
608,3,0,0
608,0,0,0
608,2,0,0
143,2,1,0
143,3,0,0
143,0,0,0
143,1,0,0
932,0,1,0
932,2,0,0
932,3,0,0
932,1,0,0
197,1,1,0
197,0,0,0
197,3,0,0
197,2,0,0
609,3,1,0
609,2,0,0
609,1,0,0
609,0,0,0
279,0,0,0
279,3,0,0
279,2,0,0
279,1,0,0
293,1,0,0
293,2,0,0
293,3,0,0
293,0,0,0
400,1,1,0
400,0,0,0
400,2,0,0
400,3,0,0
122,3,0,0
122,0,0,0
122,2,0,0
122,1,0,0
183,2,0,0
183,3,0,0
183,1,0,0
183,0,0,0
202,0,0,0
202,2,0,0
202,3,0,0
202,1,0,0
438,1,1,0
438,3,0,0
438,2,0,0
438,0,0,0
246,0,1,0
246,1,0,0
246,3,0,0
246,2,0,0
415,2,0,0
415,3,0,0
415,1,0,0
415,0,0,0
755,3,0,0
755,2,0,0
755,0,0,0
755,1,0,0
758,0,0,0
758,3,0,0
758,1,0,0
758,2,0,0
937,3,0,0
937,1,0,0
937,0,0,0
937,2,0,0
924,2,0,0
924,0,0,0
924,1,0,0
924,3,0,0
129,0,1,0
129,2,0,0
129,3,0,0
129,1,0,0
637,3,1,0
637,2,0,0
637,1,0,0
637,0,0,0
402,0,1,0
402,2,0,0
402,1,0,0
402,3,0,0
859,0,0,0
859,3,0,0
859,1,0,0
859,2,0,0
749,1,0,0
749,2,0,0
749,3,0,0
749,0,0,0
887,0,0,0
887,2,0,0
887,1,0,0
887,3,0,0
219,1,0,0
219,2,0,0
219,0,0,0
219,3,0,0
641,2,0,0
641,1,0,0
641,0,0,0
641,3,0,0
889,1,1,0
889,3,0,0
889,0,0,0
889,2,0,0
731,1,0,0
731,3,0,0
731,0,0,0
731,2,0,0
783,2,0,0
783,0,0,0
783,1,0,0
783,3,0,0
893,3,0,0
893,2,0,0
893,1,0,0
893,0,0,0
624,2,0,0
624,1,0,0
624,3,0,0
624,0,0,0
874,1,0,0
874,3,0,0
874,0,0,0
874,2,0,0
739,3,1,0
739,0,0,0
739,1,0,0
739,2,0,0
386,3,0,0
386,2,0,0
386,1,0,0
386,0,0,0
945,3,1,0
945,1,0,0
945,2,0,0
945,0,0,0
509,2,0,0
509,1,0,0
509,3,0,0
509,0,0,0
267,3,1,0
267,2,0,0
267,1,0,0
267,0,0,0
796,3,0,0
796,2,0,0
796,0,0,0
796,1,0,0
441,1,0,0
441,0,0,0
441,2,0,0
441,3,0,0
496,3,1,0
496,1,0,0
496,0,0,0
496,2,0,0
112,0,1,0
112,2,0,0
112,1,0,0
112,3,0,0
691,0,1,0
691,3,0,0
691,1,0,0
691,2,0,0
232,3,0,0
232,1,0,0
232,0,0,0
232,2,0,0
845,1,1,0
845,2,0,0
845,0,0,0
845,3,0,0
607,2,0,0
607,1,0,0
607,3,0,0
607,0,0,0
671,3,1,0
671,2,0,0
671,1,0,0
671,0,0,0
373,1,1,0
373,3,0,0
373,2,0,0
373,0,0,0
954,3,1,0
954,2,0,0
954,0,0,0
954,1,0,0
819,2,1,0
819,3,0,0
819,1,0,0
819,0,0,0
233,0,1,0
233,3,0,0
233,1,0,0
233,2,0,0
764,1,1,0
764,2,0,0
764,0,0,0
764,3,0,0
676,2,1,0
676,0,0,0
676,3,0,0
676,1,0,0
317,1,0,0
317,3,0,0
317,0,0,0
317,2,0,0
648,3,1,0
648,2,0,0
648,1,0,0
648,0,0,0
410,3,0,0
410,2,0,0
410,1,0,0
410,0,0,0
872,3,0,0
872,2,0,0
872,0,0,0
872,1,0,0
709,0,1,0
709,3,0,0
709,2,0,0
709,1,0,0
358,3,0,0
358,1,0,0
358,0,0,0
358,2,0,0
258,0,0,0
258,3,0,0
258,2,0,0
258,1,0,0
744,2,1,0
744,1,0,0
744,0,0,0
744,3,0,0
627,2,1,0
627,1,0,0
627,3,0,0
627,0,0,0
632,0,1,0
632,1,0,0
632,3,0,0
632,2,0,0
282,3,0,0
282,1,0,0
282,0,0,0
282,2,0,0
376,3,1,0
376,2,0,0
376,1,0,0
376,0,0,0
384,1,0,0
384,0,0,0
384,2,0,0
384,3,0,0
224,3,0,0
224,1,0,0
224,2,0,0
224,0,0,0
927,1,1,0
927,0,0,0
927,3,0,0
927,2,0,0
861,1,1,0
861,3,0,0
861,0,0,0
861,2,0,0
472,2,1,0
472,3,0,0
472,0,0,0
472,1,0,0
347,1,0,0
347,0,0,0
347,2,0,0
347,3,0,0
505,3,1,0
505,1,0,0
505,2,0,0
505,0,0,0
639,3,1,0
639,0,0,0
639,2,0,0
639,1,0,0
960,2,0,0
960,3,0,0
960,0,0,0
960,1,0,0
902,2,1,0
902,1,0,0
902,0,0,0
902,3,0,0
879,3,1,0
879,1,0,0
879,2,0,0
879,0,0,0
619,0,0,0
619,3,0,0
619,1,0,0
619,2,0,0
921,0,1,0
921,3,0,0
921,2,0,0
921,1,0,0
645,2,1,0
645,3,0,0
645,1,0,0
645,0,0,0
823,1,0,0
823,0,0,0
823,3,0,0
823,2,0,0
556,2,0,0
556,1,0,0
556,3,0,0
556,0,0,0
931,2,0,0
931,0,0,0
931,3,0,0
931,1,0,0
577,0,0,0
577,1,0,0
577,3,0,0
577,2,0,0
85,3,1,0
85,0,0,0
85,2,0,0
85,1,0,0
242,2,0,0
242,0,0,0
242,1,0,0
242,3,0,0
698,0,0,0
698,3,0,0
698,1,0,0
698,2,0,0
159,1,0,0
159,2,0,0
159,3,0,0
159,0,0,0
524,2,1,0
524,0,0,0
524,3,0,0
524,1,0,0
35,3,0,0
35,0,0,0
35,2,0,0
35,1,0,0
540,2,1,0
540,1,0,0
540,3,0,0
540,0,0,0
170,0,0,0
170,2,0,0
170,3,0,0
170,1,0,0
654,3,0,0
654,2,0,0
654,1,0,0
654,0,0,0
864,3,1,0
864,1,0,0
864,0,0,0
864,2,0,0
833,3,0,0
833,2,0,0
833,0,0,0
833,1,0,0
824,1,0,0
824,0,0,0
824,2,0,0
824,3,0,0
918,2,0,0
918,1,0,0
918,3,0,0
918,0,0,0
733,0,0,0
733,1,0,0
733,3,0,0
733,2,0,0
95,2,0,0
95,1,0,0
95,3,0,0
95,0,0,0
563,0,0,0
563,3,0,0
563,1,0,0
563,2,0,0
240,3,0,0
240,2,0,0
240,0,0,0
240,1,0,0
742,2,0,0
742,3,0,0
742,1,0,0
742,0,0,0
574,3,1,0
574,2,0,0
574,1,0,0
574,0,0,0
690,1,0,0
690,0,0,0
690,2,0,0
690,3,0,0
460,3,1,0
460,2,0,0
460,1,0,0
460,0,0,0
553,2,0,0
553,3,0,0
553,1,0,0
553,0,0,0
853,1,0,0
853,3,0,0
853,0,0,0
853,2,0,0
206,0,0,0
206,2,0,0
206,3,0,0
206,1,0,0
392,1,0,0
392,0,0,0
392,2,0,0
392,3,0,0
794,2,0,0
794,0,0,0
794,3,0,0
794,1,0,0
397,3,1,0
397,1,0,0
397,0,0,0
397,2,0,0
766,0,0,0
766,3,0,0
766,1,0,0
766,2,0,0
825,0,0,0
825,1,0,0
825,3,0,0
825,2,0,0
217,2,0,0
217,1,0,0
217,0,0,0
217,3,0,0
4,3,0,0
4,2,0,0
4,0,0,0
4,1,0,0
768,2,0,0
768,3,0,0
768,1,0,0
768,0,0,0
642,3,0,0
642,2,0,0
642,0,0,0
642,1,0,0
891,2,1,0
891,3,0,0
891,0,0,0
891,1,0,0
612,1,0,0
612,0,0,0
612,2,0,0
612,3,0,0
738,1,1,0
738,2,0,0
738,0,0,0
738,3,0,0
546,3,0,0
546,2,0,0
546,1,0,0
546,0,0,0
725,1,0,0
725,0,0,0
725,2,0,0
725,3,0,0
683,3,1,0
683,2,0,0
683,0,0,0
683,1,0,0
98,3,1,0
98,0,0,0
98,1,0,0
98,2,0,0
804,2,1,0
804,3,0,0
804,0,0,0
804,1,0,0
727,2,0,0
727,0,0,0
727,3,0,0
727,1,0,0
573,3,0,0
573,1,0,0
573,2,0,0
573,0,0,0
406,2,1,0
406,0,0,0
406,1,0,0
406,3,0,0
502,3,0,0
502,1,0,0
502,0,0,0
502,2,0,0
47,2,0,0
47,1,0,0
47,3,0,0
47,0,0,0
32,1,0,0
32,2,0,0
32,0,0,0
32,3,0,0
779,0,1,0
779,2,0,0
779,3,0,0
779,1,0,0
200,3,1,0
200,2,0,0
200,0,0,0
200,1,0,0
134,0,1,0
134,3,0,0
134,1,0,0
134,2,0,0
27,3,1,0
27,0,0,0
27,1,0,0
27,2,0,0
855,3,0,0
855,1,0,0
855,0,0,0
855,2,0,0
230,3,0,0
230,0,0,0
230,1,0,0
230,2,0,0
489,2,1,0
489,0,0,0
489,3,0,0
489,1,0,0
772,2,1,0
772,0,0,0
772,1,0,0
772,3,0,0
378,3,0,0
378,2,0,0
378,1,0,0
378,0,0,0
288,3,1,0
288,1,0,0
288,2,0,0
288,0,0,0
418,3,0,0
418,1,0,0
418,2,0,0
418,0,0,0
674,0,0,0
674,1,0,0
674,2,0,0
674,3,0,0
391,2,1,0
391,0,0,0
391,1,0,0
391,3,0,0
592,3,1,0
592,2,0,0
592,1,0,0
592,0,0,0
498,2,0,0
498,1,0,0
498,0,0,0
498,3,0,0
138,3,0,0
138,2,0,0
138,0,0,0
138,1,0,0
62,3,1,0
62,1,0,0
62,0,0,0
62,2,0,0
471,0,0,0
471,2,0,0
471,3,0,0
471,1,0,0
647,3,0,0
647,2,0,0
647,0,0,0
647,1,0,0
128,0,0,0
128,1,0,0
128,3,0,0
128,2,0,0
949,2,0,0
949,0,0,0
949,1,0,0
949,3,0,0
520,1,0,0
520,2,0,0
520,0,0,0
520,3,0,0
838,1,0,0
838,0,0,0
838,2,0,0
838,3,0,0
64,3,1,0
64,1,0,0
64,2,0,0
64,0,0,0
812,0,0,0
812,3,0,0
812,2,0,0
812,1,0,0
14,0,0,0
14,2,0,0
14,1,0,0
14,3,0,0
156,2,1,0
156,0,0,0
156,3,0,0
156,1,0,0
40,2,0,0
40,0,0,0
40,3,0,0
40,1,0,0
492,3,1,0
492,1,0,0
492,2,0,0
492,0,0,0
379,3,0,0
379,1,0,0
379,0,0,0
379,2,0,0
187,1,1,0
187,2,0,0
187,3,0,0
187,0,0,0
763,0,1,0
763,1,0,0
763,2,0,0
763,3,0,0
216,3,1,0
216,0,0,0
216,1,0,0
216,2,0,0
791,3,1,0
791,0,0,0
791,1,0,0
791,2,0,0
52,2,0,0
52,1,0,0
52,0,0,0
52,3,0,0
337,2,0,0
337,3,0,0
337,0,0,0
337,1,0,0
748,1,0,0
748,2,0,0
748,0,0,0
748,3,0,0
719,3,1,0
719,0,0,0
719,1,0,0
719,2,0,0
724,2,0,0
724,1,0,0
724,3,0,0
724,0,0,0
295,0,0,0
295,2,0,0
295,1,0,0
295,3,0,0
701,2,1,0
701,1,0,0
701,3,0,0
701,0,0,0
251,1,0,0
251,0,0,0
251,3,0,0
251,2,0,0
726,0,0,0
726,1,0,0
726,2,0,0
726,3,0,0
461,3,0,0
461,1,0,0
461,0,0,0
461,2,0,0
455,2,1,0
455,3,0,0
455,0,0,0
455,1,0,0
969,3,0,0
969,0,0,0
969,1,0,0
969,2,0,0
815,3,0,0
815,2,0,0
815,0,0,0
815,1,0,0
862,3,0,0
862,0,0,0
862,1,0,0
862,2,0,0
269,0,1,0
269,1,0,0
269,2,0,0
269,3,0,0
201,1,1,0
201,3,0,0
201,2,0,0
201,0,0,0
161,0,0,0
161,1,0,0
161,2,0,0
161,3,0,0
555,3,0,0
555,1,0,0
555,0,0,0
555,2,0,0
729,0,0,0
729,2,0,0
729,1,0,0
729,3,0,0
401,3,0,0
401,1,0,0
401,0,0,0
401,2,0,0
702,2,0,0
702,0,0,0
702,3,0,0
702,1,0,0
476,0,0,0
476,3,0,0
476,1,0,0
476,2,0,0
821,2,0,0
821,3,0,0
821,1,0,0
821,0,0,0
771,2,0,0
771,1,0,0
771,3,0,0
771,0,0,0
105,0,1,0
105,2,0,0
105,1,0,0
105,3,0,0
565,2,0,0
565,0,0,0
565,1,0,0
565,3,0,0
389,3,1,0
389,0,0,0
389,1,0,0
389,2,0,0
1,1,1,0
1,3,0,0
1,2,0,0
1,0,0,0
911,0,0,0
911,3,0,0
911,1,0,0
911,2,0,0
955,3,0,0
955,0,0,0
955,1,0,0
955,2,0,0
561,1,0,0
561,3,0,0
561,2,0,0
561,0,0,0
80,2,0,0
80,1,0,0
80,3,0,0
80,0,0,0
205,0,1,0
205,3,0,0
205,1,0,0
205,2,0,0
34,1,1,0
34,3,0,0
34,2,0,0
34,0,0,0
775,1,0,0
775,3,0,0
775,0,0,0
775,2,0,0
508,0,0,0
508,3,0,0
508,1,0,0
508,2,0,0
427,2,0,0
427,3,0,0
427,1,0,0
427,0,0,0
454,1,0,0
454,3,0,0
454,2,0,0
454,0,0,0
366,1,0,0
366,0,0,0
366,3,0,0
366,2,0,0
91,2,1,0
91,0,0,0
91,1,0,0
91,3,0,0
339,3,0,0
339,0,0,0
339,1,0,0
339,2,0,0
897,3,1,0
897,1,0,0
897,0,0,0
897,2,0,0
564,3,0,0
564,2,0,0
564,0,0,0
564,1,0,0
345,2,0,0
345,1,0,0
345,0,0,0
345,3,0,0
776,1,0,0
776,0,0,0
776,2,0,0
776,3,0,0
241,3,0,0
241,2,0,0
241,1,0,0
241,0,0,0
13,1,0,0
13,0,0,0
13,2,0,0
13,3,0,0
315,3,1,0
315,2,0,0
315,1,0,0
315,0,0,0
600,0,0,0
600,2,0,0
600,3,0,0
600,1,0,0
387,2,1,0
387,0,0,0
387,3,0,0
387,1,0,0
273,1,0,0
273,0,0,0
273,3,0,0
273,2,0,0
166,0,1,0
166,3,0,0
166,2,0,0
166,1,0,0
840,1,1,0
840,3,0,0
840,2,0,0
840,0,0,0
965,0,0,0
965,3,0,0
965,1,0,0
965,2,0,0
646,3,1,0
646,1,0,0
646,2,0,0
646,0,0,0
818,0,1,0
818,1,0,0
818,2,0,0
818,3,0,0
484,0,1,0
484,2,0,0
484,1,0,0
484,3,0,0
953,0,0,0
953,3,0,0
953,2,0,0
953,1,0,0
504,0,0,0
504,3,0,0
504,1,0,0
504,2,0,0
831,0,1,0
831,2,0,0
831,1,0,0
831,3,0,0
243,3,0,0
243,2,0,0
243,0,0,0
243,1,0,0
566,1,0,0
566,0,0,0
566,2,0,0
566,3,0,0
875,1,0,0
875,0,0,0
875,2,0,0
875,3,0,0
562,2,0,0
562,3,0,0
562,1,0,0
562,0,0,0
686,0,0,0
686,3,0,0
686,1,0,0
686,2,0,0
189,0,1,0
189,1,0,0
189,2,0,0
189,3,0,0
782,0,0,0
782,2,0,0
782,3,0,0
782,1,0,0
699,1,1,0
699,3,0,0
699,2,0,0
699,0,0,0
475,1,1,0
475,2,0,0
475,0,0,0
475,3,0,0
681,2,1,0
681,0,0,0
681,1,0,0
681,3,0,0
510,0,0,0
510,3,0,0
510,2,0,0
510,1,0,0
58,2,1,0
58,0,0,0
58,3,0,0
58,1,0,0
474,2,0,0
474,1,0,0
474,0,0,0
474,3,0,0
560,0,0,0
560,1,0,0
560,2,0,0
560,3,0,0
856,2,0,0
856,1,0,0
856,3,0,0
856,0,0,0
747,2,0,0
747,0,0,0
747,3,0,0
747,1,0,0
252,3,1,0
252,2,0,0
252,1,0,0
252,0,0,0
21,2,0,0
21,1,0,0
21,3,0,0
21,0,0,0
313,0,1,0
313,1,0,0
313,2,0,0
313,3,0,0
459,3,0,0
459,1,0,0
459,2,0,0
459,0,0,0
160,2,0,0
160,0,0,0
160,1,0,0
160,3,0,0
276,3,1,0
276,2,0,0
276,1,0,0
276,0,0,0
191,3,0,0
191,0,0,0
191,2,0,0
191,1,0,0
385,3,0,0
385,2,0,0
385,1,0,0
385,0,0,0
805,2,0,0
805,3,0,0
805,1,0,0
805,0,0,0
413,2,1,0
413,3,0,0
413,1,0,0
413,0,0,0
491,1,0,0
491,3,0,0
491,2,0,0
491,0,0,0
343,2,0,0
343,0,0,0
343,1,0,0
343,3,0,0
769,1,1,0
769,2,0,0
769,3,0,0
769,0,0,0
308,0,0,0
308,2,0,0
308,1,0,0
308,3,0,0
661,0,1,0
661,3,0,0
661,1,0,0
661,2,0,0
130,3,0,0
130,1,0,0
130,2,0,0
130,0,0,0
663,0,1,0
663,3,0,0
663,2,0,0
663,1,0,0
871,3,0,0
871,1,0,0
871,2,0,0
871,0,0,0
99,2,1,0
99,0,0,0
99,1,0,0
99,3,0,0
372,2,1,0
372,1,0,0
372,3,0,0
372,0,0,0
87,3,1,0
87,2,0,0
87,1,0,0
87,0,0,0
458,2,0,0
458,0,0,0
458,3,0,0
458,1,0,0
330,1,1,0
330,0,0,0
330,2,0,0
330,3,0,0
214,0,0,0
214,3,0,0
214,2,0,0
214,1,0,0
466,0,1,0
466,1,0,0
466,3,0,0
466,2,0,0
121,3,0,0
121,1,0,0
121,2,0,0
121,0,0,0
614,3,1,0
614,1,0,0
614,2,0,0
614,0,0,0
20,3,1,0
20,2,0,0
20,0,0,0
20,1,0,0
700,1,0,0
700,0,0,0
700,2,0,0
700,3,0,0
71,1,0,0
71,3,0,0
71,2,0,0
71,0,0,0
106,0,0,0
106,1,0,0
106,2,0,0
106,3,0,0
270,1,0,0
270,3,0,0
270,2,0,0
270,0,0,0
860,2,1,0
860,0,0,0
860,1,0,0
860,3,0,0
435,2,0,0
435,1,0,0
435,0,0,0
435,3,0,0
102,0,0,0
102,1,0,0
102,3,0,0
102,2,0,0
